{
    "1": -13.622227047987638,
    "2": -78.96191816629675,
    "3": -203.8027396080791,
    "4": -398.9828000549465,
    "5": -670.5440728962236,
    "6": -1029.4130750622696,
    "7": -1484.8709763112313,
    "8": -2041.8398092124544,
    "9": -2712.723134906116,
    "10": -3506.8330824383884,
    "11": -4415.108543558816,
    "12": -5443.528759889652,
    "13": -6594.281462107457,
    "14": -7873.378067381624,
    "15": -9285.397914449317,
    "16": -10832.338468118807,
    "17": -12520.410518779028,
    "18": -14354.10736208733,
    "19": -16323.332081972228,
    "20": -18436.186608245942,
    "21": -20695.784710855674,
    "22": -23109.932069944894,
    "23": -25682.045723979794,
    "24": -28415.895190429273,
    "25": -31316.070004163692,
    "26": -34381.564301178296,
    "27": -37620.545308758905,
    "28": -41035.8456942654,
    "29": -44631.173682936853,
    "30": -48411.46665460188,
    "31": -52324.09089357611,
    "32": -56460.72454934536,
    "33": -60781.65819355918,
    "34": -65288.839105857536,
    "35": -69978.9567855985,
    "36": -74861.51919058799
}
